ID1,ID2,EdgeType,Score,Annotation
36,37,MS1 annotation,2,[M+K]+ [2M+Na]+ dm/z=299.18058
45,46,MS1 annotation,2,[M+Na]+ [M+H]+ dm/z=21.98143
67,104,MS1 annotation,5,[M-H+2Na]+ [2M+H]+ dm/z=85.07864
67,98,MS1 annotation,5,[M+Na]+ [2M+H]+ dm/z=107.0606
97,239,MS1 annotation,5,[M+H]+ [2M-H+2Na]+ dm/z=173.00623
98,239,MS1 annotation,5,[M+H]+ [M+Na]+ dm/z=21.98178
99,235,MS1 annotation,2,[M+Na]+ [M+H]+ dm/z=21.98195
104,239,MS1 annotation,5,[M+H]+ [M-H+2Na]+ dm/z=43.96374
129,132,MS1 annotation,2,[M+NH4]+ [M+H]+ dm/z=17.02653
130,141,MS1 annotation,2,[2M+2H]+2 [M+Na]+ dm/z=21.98203
131,132,MS1 annotation,3,[M+H]+ [M-H+2Na]+ dm/z=43.96379
131,134,MS1 annotation,2,[M+H]+ [M+Na]+ dm/z=21.98195
132,134,MS1 annotation,3,[M+Na]+ [M+H]+ dm/z=21.98184
190,336,MS1 annotation,2,[M+H]+ [M+Na]+ dm/z=21.98179
195,210,MS1 annotation,2,[M+H]+ [M+Na]+ dm/z=21.98202
200,248,MS1 annotation,6,[M+Na]+ [M+H]+ dm/z=21.98184
214,229,MS1 annotation,2,[M+H]+ [M+Na]+ dm/z=21.98194
248,357,MS1 annotation,6,[M+H]+ [M+Na]+ dm/z=21.98187
263,298,MS1 annotation,2,[2M+2H]+2 [M+Na]+ dm/z=21.9819
277,333,MS1 annotation,2,[M+H]+ [M+Na]+ dm/z=21.98182
283,302,MS1 annotation,2,[M+Na]+ [M+H]+ dm/z=21.98197
289,297,MS1 annotation,2,[2M+2H]+2 [M+Na]+ dm/z=21.98188
310,458,MS1 annotation,2,[M+Na]+ [M+H]+ dm/z=21.98195
321,322,MS1 annotation,3,[M+NH4]+ [M+H]+ dm/z=17.02654
322,331,MS1 annotation,3,[M+H-H2O]+ [M+NH4]+ dm/z=35.03715
329,338,MS1 annotation,2,[M+Na]+ [M+H]+ dm/z=21.98174
350,383,MS1 annotation,2,[M+H]+ [M+Na]+ dm/z=21.98223
355,465,MS1 annotation,2,[M+H]+ [M+Na]+ dm/z=21.98191
357,498,MS1 annotation,6,[M+Na]+ [M+H]+ dm/z=21.98188
357,390,MS1 annotation,6,[M+K]+ [M+H]+ dm/z=37.956
358,377,MS1 annotation,2,[M+Na]+ [M+H]+ dm/z=21.98166
376,480,MS1 annotation,3,[M+Na]+ [M+H]+ dm/z=21.98195
394,426,MS1 annotation,3,[M+K]+ [M+H]+ dm/z=37.95587
394,396,MS1 annotation,3,[M+Na]+ [M+H]+ dm/z=21.98186
396,426,MS1 annotation,3,[M+K]+ [M+Na]+ dm/z=15.97401
410,417,MS1 annotation,2,[2M+2H]+2 [M+Na]+ dm/z=21.98183
413,691,MS1 annotation,2,[M+Na]+ [M+H]+ dm/z=21.9821
456,480,MS1 annotation,3,[M+Na]+ [M+K]+ dm/z=15.97396
462,501,MS1 annotation,2,[M+Na]+ [M+H]+ dm/z=21.98178
493,512,MS1 annotation,2,[2M+Na]+ [M+H]+ dm/z=235.09456
495,616,MS1 annotation,5,[M+K]+ [M+H]+ dm/z=37.95573
495,616,MS1 annotation,5,[M+K]+ [2M+2H]+2 dm/z=37.95573
498,619,MS1 annotation,6,[2M+2H]+2 [M+Na]+ dm/z=21.98186
519,549,MS1 annotation,2,[M+H]+ [M-H+2Na]+ dm/z=43.96367
530,552,MS1 annotation,2,[M+Na]+ [M+H]+ dm/z=21.98187
545,760,MS1 annotation,2,[2M+Na]+ [M+H]+ dm/z=282.11913
561,700,MS1 annotation,2,[M+H]+ [M+NH4]+ dm/z=17.02671
561,713,MS1 annotation,2,[M+Na]+ [M+H]+ dm/z=21.98227
566,574,MS1 annotation,2,[M+H]+ [M+Na]+ dm/z=21.98182
572,595,MS1 annotation,3,[M+Na]+ [M+K]+ dm/z=15.97393
572,587,MS1 annotation,3,[M+H]+ [M+K]+ dm/z=37.95513
579,590,MS1 annotation,2,[M+Na]+ [2M+H]+ dm/z=109.1126
587,595,MS1 annotation,3,[M+Na]+ [M+H]+ dm/z=21.9812
616,623,MS1 annotation,5,[2M+H]+ [M+K]+ dm/z=176.17557
616,704,MS1 annotation,5,[M+H]+ [M+K]+ dm/z=37.95568
623,746,MS1 annotation,5,[M+Na]+ [2M+H]+ dm/z=192.14921
627,650,MS1 annotation,2,[M+H]+ [M+Na]+ dm/z=21.98191
692,705,MS1 annotation,2,[M+H]+ [M+Na]+ dm/z=21.9821
704,746,MS1 annotation,5,[M+Na]+ [M+H]+ dm/z=21.98204
735,757,MS1 annotation,2,[M+H]+ [M+Na]+ dm/z=21.98201
760,785,MS1 annotation,2,[2M+2H]+2 [M+Na]+ dm/z=21.98194
788,803,MS1 annotation,2,[2M+2H]+2 [M+Na]+ dm/z=21.98205
838,1060,MS1 annotation,2,[M+H]+ [M+Na]+ dm/z=21.98195
851,859,MS1 annotation,2,[M+H]+ [M+Na]+ dm/z=21.98191
951,955,MS1 annotation,2,[M+H]+ [M+Na]+ dm/z=21.98204
952,960,MS1 annotation,2,[M+Na]+ [M+H]+ dm/z=21.98217
958,967,MS1 annotation,2,[M+NH4]+ [M+H]+ dm/z=17.02659
959,997,MS1 annotation,2,[M+H]+ [M+Na]+ dm/z=21.98212
967,976,MS1 annotation,2,[M+Na]+ [M+H]+ dm/z=21.98188
987,996,MS1 annotation,2,[M+2H]+2 [M+Na]+ dm/z=191.57613
987,996,MS1 annotation,2,[M+H]+ [2M+Na]+ dm/z=191.57613
1007,1052,MS1 annotation,2,[M+H]+ [M+Na]+ dm/z=21.9823
1019,1031,MS1 annotation,2,[M+Na]+ [M+H]+ dm/z=21.98188
1025,1033,MS1 annotation,3,[M+Na]+ [M+H]+ dm/z=21.98177
1033,1034,MS1 annotation,3,[M+2H]+2 [M+Na]+ dm/z=257.61652
1033,1034,MS1 annotation,2,[M+H]+ [2M+Na]+ dm/z=257.61652
1073,1079,MS1 annotation,2,[M+H]+ [M+Na]+ dm/z=21.98205
1089,1162,MS1 annotation,5,[M+H]+ [2M+Na]+ dm/z=238.12757
1102,1204,MS1 annotation,2,[M+H]+ [M+Na]+ dm/z=21.98172
1111,1131,MS1 annotation,5,[M+K]+ [2M+H]+ dm/z=178.19133
1111,1157,MS1 annotation,5,[M+Na]+ [2M+H]+ dm/z=194.16521
1131,1157,MS1 annotation,5,[M+Na]+ [M+K]+ dm/z=15.97388
1131,1162,MS1 annotation,5,[M+H]+ [M+K]+ dm/z=37.95583
1136,1172,MS1 annotation,3,[M+Na]+ [2M+H]+ dm/z=256.14403
1157,1162,MS1 annotation,5,[M+H]+ [M+Na]+ dm/z=21.98196
1172,1227,MS1 annotation,3,[M+H]+ [M+Na]+ dm/z=21.98232
1205,1299,MS1 annotation,2,[M+Na]+ [M+H]+ dm/z=21.98177
1276,1504,MS1 annotation,2,[M+Na]+ [M+H]+ dm/z=21.98211
1321,1326,MS1 annotation,2,[M+NH4]+ [M+H]+ dm/z=17.02659
1321,1326,MS1 annotation,2,[M+NH4]+ [2M+2H]+2 dm/z=17.02659
1363,1367,MS1 annotation,3,[M+Na]+ [M+H]+ dm/z=21.98182
1363,1370,MS1 annotation,3,[M+K]+ [M+H]+ dm/z=37.95581
1367,1370,MS1 annotation,3,[M+K]+ [M+Na]+ dm/z=15.97399
1406,1412,MS1 annotation,3,[M+Na]+ [M+H]+ dm/z=21.98192
1409,1412,MS1 annotation,3,[M+Na]+ [M+H-H2O]+ dm/z=39.99255
1423,1497,MS1 annotation,3,[M+Na]+ [2M+H]+ dm/z=210.16017
1431,1439,MS1 annotation,2,[M+H]+ [M+Na]+ dm/z=21.98206
1448,1451,MS1 annotation,2,[M+Na]+ [M+H]+ dm/z=21.98199
1470,1516,MS1 annotation,2,[M+Na]+ [M+H]+ dm/z=21.98208
1478,1526,MS1 annotation,2,[M+Na]+ [2M+H]+ dm/z=166.13313
1482,1485,MS1 annotation,2,[M+H]+ [M+Na]+ dm/z=21.98142
1497,1518,MS1 annotation,3,[M+H]+ [M+Na]+ dm/z=21.98193
1507,1515,MS1 annotation,2,[M+H]+ [M+Na]+ dm/z=21.98235
1520,1525,MS1 annotation,2,[M+H]+ [M+Na]+ dm/z=21.98177
1544,1568,MS1 annotation,2,[M+H]+ [M+Na]+ dm/z=21.98201
1562,1587,MS1 annotation,3,[M+K]+ [M+H]+ dm/z=37.95567
1562,1566,MS1 annotation,3,[M+Na]+ [M+H]+ dm/z=21.98198
1566,1587,MS1 annotation,3,[M+K]+ [M+Na]+ dm/z=15.97369
1576,1787,MS1 annotation,4,[M+H]+ [M+Na]+ dm/z=21.98213
1576,1642,MS1 annotation,4,[M+K]+ [M+Na]+ dm/z=15.97384
1576,1785,MS1 annotation,4,[M+H-H2O]+ [M+Na]+ dm/z=39.9927
1620,1639,MS1 annotation,2,[M+K]+ [M+Na]+ dm/z=15.9742
1642,1787,MS1 annotation,4,[M+H]+ [M+K]+ dm/z=37.95597
1646,1647,MS1 annotation,2,[M+H]+ [M+Na]+ dm/z=21.98185
1659,1735,MS1 annotation,4,[M+H]+ [2M+Na]+ dm/z=250.12905
1703,1723,MS1 annotation,4,[M+Na]+ [2M+H]+ dm/z=206.16505
1705,1707,MS1 annotation,2,[2M+2H]+2 [M+NH4]+ dm/z=17.02635
1718,1725,MS1 annotation,2,[M+Na]+ [M+H]+ dm/z=21.98171
1723,1735,MS1 annotation,4,[M+H]+ [M+Na]+ dm/z=21.98189
1778,1783,MS1 annotation,2,[M+H]+ [M+Na]+ dm/z=21.98179
1799,1851,MS1 annotation,5,[M+Na]+ [2M+H]+ dm/z=208.18065
1805,1806,MS1 annotation,5,[2M+Na]+ [M+K]+ dm/z=214.18928
1805,1851,MS1 annotation,5,[M+Na]+ [M+K]+ dm/z=15.97341
1805,1862,MS1 annotation,5,[M+H]+ [M+K]+ dm/z=37.95543
1806,1862,MS1 annotation,5,[M+H]+ [2M+Na]+ dm/z=252.14472
1822,1848,MS1 annotation,2,[M+H]+ [M+Na]+ dm/z=21.98178
1831,1843,MS1 annotation,3,[M+H]+ [2M+K]+ dm/z=248.03476
1831,1835,MS1 annotation,2,[M+Na]+ [M+K]+ dm/z=15.97371
1835,1843,MS1 annotation,3,[M+H]+ [2M+Na]+ dm/z=232.06105
1851,1862,MS1 annotation,5,[M+H]+ [M+Na]+ dm/z=21.98203
1881,1946,MS1 annotation,2,[M+Na]+ [M+H]+ dm/z=21.98177
1902,1958,MS1 annotation,2,[M+Na]+ [M+H]+ dm/z=21.98217
1911,1948,MS1 annotation,2,[M+H]+ [M+Na]+ dm/z=21.98201
1945,1948,MS1 annotation,3,[2M+H]+ [M+Na]+ dm/z=206.16508
1945,1969,MS1 annotation,3,[M+H]+ [M+Na]+ dm/z=21.98194
1963,1970,MS1 annotation,2,[M+H]+ [M+Na]+ dm/z=21.98208
2009,2014,MS1 annotation,2,[M+H]+ [M+Na]+ dm/z=21.98178
2020,2038,MS1 annotation,5,[M+H]+ [M+Na]+ dm/z=21.98199
2020,2028,MS1 annotation,5,[2M+H]+ [M+Na]+ dm/z=208.18092
2020,2029,MS1 annotation,5,[M+K]+ [M+Na]+ dm/z=15.97348
2025,2038,MS1 annotation,5,[M+H]+ [2M+Na]+ dm/z=252.14489
2025,2029,MS1 annotation,5,[M+K]+ [2M+Na]+ dm/z=214.18942
2028,2029,MS1 annotation,5,[M+K]+ [2M+H]+ dm/z=192.20744
2029,2038,MS1 annotation,5,[M+H]+ [M+K]+ dm/z=37.95547
2050,2060,MS1 annotation,2,[M+Na]+ [M+H]+ dm/z=21.98192
2051,2053,MS1 annotation,2,[M+H]+ [M+Na]+ dm/z=21.98182
2064,2096,MS1 annotation,3,[M+Na]+ [M+K]+ dm/z=15.97401
2064,2091,MS1 annotation,3,[M+H]+ [M+K]+ dm/z=37.9561
2070,2071,MS1 annotation,2,[M+NH4]+ [M+H]+ dm/z=17.02659
2091,2096,MS1 annotation,3,[M+Na]+ [M+H]+ dm/z=21.98209
2092,2116,MS1 annotation,2,[M+H]+ [M+Na]+ dm/z=21.98054
2132,2141,MS1 annotation,2,[M+Na]+ [M+H]+ dm/z=21.98194
2139,2169,MS1 annotation,2,[M+NH4]+ [M+H]+ dm/z=17.027
2177,2191,MS1 annotation,2,[M+H]+ [M+Na]+ dm/z=21.98202
2187,2264,MS1 annotation,2,[M+Na]+ [M+H]+ dm/z=21.98211
2206,2237,MS1 annotation,2,[M+H]+ [M+Na]+ dm/z=21.98199
2212,2231,MS1 annotation,2,[M+Na]+ [M+H]+ dm/z=21.98168
2216,2237,MS1 annotation,2,[2M+NH4]+ [M+H-H2O]+ dm/z=233.1379
2220,2283,MS1 annotation,2,[M+Na]+ [M+H-H2O]+ dm/z=39.99247
2222,2327,MS1 annotation,2,[M+Na]+ [M+H]+ dm/z=21.98223
2243,2255,MS1 annotation,2,[M+NH4]+ [2M+H-H2O]+ dm/z=235.12142
2259,2266,MS1 annotation,2,[M+H]+ [M+Na]+ dm/z=21.98213
2278,2282,MS1 annotation,3,[M+H]+ [M+Na]+ dm/z=21.98177
2278,2302,MS1 annotation,3,[M+2H]+2 [M+Na]+ dm/z=201.11053
2278,2302,MS1 annotation,2,[M+H]+ [2M+Na]+ dm/z=201.11053
2292,2401,MS1 annotation,2,[M+H]+ [M+Na]+ dm/z=21.98207
2353,2372,MS1 annotation,2,[M+Na]+ [M+H]+ dm/z=21.98214
2393,2428,MS1 annotation,5,[M+Na]+ [M+K]+ dm/z=15.97374
2393,2406,MS1 annotation,5,[2M+Na]+ [M+K]+ dm/z=214.18923
2393,2397,MS1 annotation,5,[2M+H]+ [M+K]+ dm/z=192.20709
2393,2421,MS1 annotation,5,[M+H]+ [M+K]+ dm/z=37.95567
2397,2428,MS1 annotation,5,[M+Na]+ [2M+H]+ dm/z=208.18083
2405,2409,MS1 annotation,2,[M+H]+ [M+Na]+ dm/z=21.98186
2406,2421,MS1 annotation,5,[M+H]+ [2M+Na]+ dm/z=252.14491
2411,2419,MS1 annotation,2,[M+Na]+ [M+H]+ dm/z=21.98212
2421,2428,MS1 annotation,5,[M+Na]+ [M+H]+ dm/z=21.98193
2474,2492,MS1 annotation,2,[M+H]+ [M+Na]+ dm/z=21.98225
2476,2478,MS1 annotation,2,[M+Na]+ [M+H]+ dm/z=21.98206
2499,2525,MS1 annotation,4,[M+H]+ [2M+Na]+ dm/z=284.11324
2511,2512,MS1 annotation,4,[M+Na]+ [2M+H]+ dm/z=240.14982
2512,2525,MS1 annotation,4,[M+H]+ [M+Na]+ dm/z=21.98179
2587,2592,MS1 annotation,2,[M+Na]+ [M+H]+ dm/z=21.982
2601,2603,MS1 annotation,5,[2M+Na]+ [M+K]+ dm/z=248.1735
2601,2602,MS1 annotation,5,[2M+H]+ [M+K]+ dm/z=226.19159
2601,2630,MS1 annotation,5,[M+H]+ [M+K]+ dm/z=37.95592
2601,2631,MS1 annotation,5,[M+Na]+ [M+K]+ dm/z=15.9741
2602,2631,MS1 annotation,5,[M+Na]+ [2M+H]+ dm/z=242.16569
2603,2630,MS1 annotation,5,[M+H]+ [2M+Na]+ dm/z=286.12942
2620,2658,MS1 annotation,2,[2M+2H]+2 [M+Na]+ dm/z=21.98141
2630,2631,MS1 annotation,5,[M+Na]+ [M+H]+ dm/z=21.98182
2639,2651,MS1 annotation,2,[M+H]+ [M+Na]+ dm/z=21.98215
2676,2686,MS1 annotation,2,[M+Na]+ [M+H]+ dm/z=21.98203
2691,2695,MS1 annotation,2,[M+Na]+ [M+H]+ dm/z=21.98178
2720,2756,MS1 annotation,2,[M+H]+ [M+Na]+ dm/z=21.98113
2722,2724,MS1 annotation,2,[2M+Na]+ [M+H]+ dm/z=323.13484
2754,2796,MS1 annotation,2,[M+Na]+ [M+H]+ dm/z=21.98187
2767,2784,MS1 annotation,5,[M+K]+ [2M+H]+ dm/z=277.25982
2767,2797,MS1 annotation,5,[M+Na]+ [2M+H]+ dm/z=293.23462
2776,2784,MS1 annotation,5,[M+K]+ [2M+Na]+ dm/z=299.2416
2776,2777,MS1 annotation,5,[M+H]+ [2M+Na]+ dm/z=337.19808
2777,2784,MS1 annotation,5,[M+K]+ [M+H]+ dm/z=37.95648
2777,2797,MS1 annotation,5,[M+Na]+ [M+H]+ dm/z=21.98168
2803,2818,MS1 annotation,2,[M+H]+ [M+Na]+ dm/z=21.98205
2831,2865,MS1 annotation,4,[M+Na]+ [2M+H]+ dm/z=272.17573
2845,3002,MS1 annotation,4,[M+H]+ [2M+Na]+ dm/z=316.13982
2853,2866,MS1 annotation,2,[M+Na]+ [M+H]+ dm/z=21.98178
2865,3002,MS1 annotation,4,[M+H]+ [M+Na]+ dm/z=21.98199
2875,3013,MS1 annotation,2,[M+Na]+ [M+H]+ dm/z=21.98213
2884,2885,MS1 annotation,2,[M+Na]+ [M+H]+ dm/z=21.98216
2889,2914,MS1 annotation,2,[M+Na]+ [M+H]+ dm/z=21.98202
2919,2922,MS1 annotation,2,[M+H]+ [M+Na]+ dm/z=21.98225
2942,2943,MS1 annotation,4,[M+K]+ [2M+H]+ dm/z=226.19168
2942,3247,MS1 annotation,4,[M+Na]+ [2M+H]+ dm/z=242.16553
2943,2962,MS1 annotation,4,[M+H]+ [M+K]+ dm/z=37.95582
2943,3247,MS1 annotation,4,[M+Na]+ [M+K]+ dm/z=15.97386
2957,2958,MS1 annotation,2,[M+Na]+ [M+H]+ dm/z=21.98202
2962,3247,MS1 annotation,4,[M+Na]+ [M+H]+ dm/z=21.98196
2967,2978,MS1 annotation,2,[M+Na]+ [M+H]+ dm/z=21.98209
2968,2986,MS1 annotation,2,[M+Na]+ [M+H]+ dm/z=21.98204
2999,3169,MS1 annotation,2,[M+Na]+ [M+H]+ dm/z=21.9822
3034,3049,MS1 annotation,3,[2M+H]+ [M+Na]+ dm/z=206.1652
3034,3045,MS1 annotation,3,[M+H]+ [M+Na]+ dm/z=21.98193
3074,3110,MS1 annotation,5,[M+H]+ [M+Na]+ dm/z=21.98197
3074,3083,MS1 annotation,5,[2M+H]+ [M+Na]+ dm/z=295.21302
3074,3124,MS1 annotation,5,[M+K]+ [M+Na]+ dm/z=15.97428
3077,3110,MS1 annotation,5,[M+H]+ [2M+Na]+ dm/z=339.17683
3077,3124,MS1 annotation,5,[M+K]+ [2M+Na]+ dm/z=301.22057
3083,3124,MS1 annotation,5,[M+K]+ [2M+H]+ dm/z=279.23873
3096,3097,MS1 annotation,2,[M+Na]+ [M+H]+ dm/z=21.98178
3096,3097,MS1 annotation,2,[M+Na]+ [2M+2H]+2 dm/z=21.98178
3107,3109,MS1 annotation,2,[M+H]+ [M+NH4]+ dm/z=17.02654
3110,3124,MS1 annotation,5,[M+K]+ [M+H]+ dm/z=37.95625
3141,3153,MS1 annotation,2,[M+Na]+ [M+H]+ dm/z=21.98144
3141,3201,MS1 annotation,2,[2M+2H]+2 [M+NH4]+ dm/z=17.02661
3150,3160,MS1 annotation,2,[M+Na]+ [M+H]+ dm/z=21.98209
3174,3200,MS1 annotation,2,[M+2H]+2 [M+Na]+ dm/z=212.60005
3174,3200,MS1 annotation,2,[M+H]+ [2M+Na]+ dm/z=212.60005
3208,3219,MS1 annotation,2,[M+H]+ [M+Na]+ dm/z=21.98204
3228,3275,MS1 annotation,5,[M+Na]+ [2M+H]+ dm/z=305.23395
3242,3358,MS1 annotation,5,[2M+Na]+ [M+K]+ dm/z=311.24156
3242,3301,MS1 annotation,5,[M+H]+ [M+K]+ dm/z=37.95655
3242,3275,MS1 annotation,5,[M+Na]+ [M+K]+ dm/z=15.97455
3252,3254,MS1 annotation,2,[M+H]+ [M+Na]+ dm/z=21.98178
3271,3368,MS1 annotation,2,[M+H]+ [M+Na]+ dm/z=21.98145
3275,3301,MS1 annotation,5,[M+H]+ [M+Na]+ dm/z=21.982
3289,3299,MS1 annotation,2,[M+NH4]+ [M+H-H2O]+ dm/z=35.03683
3301,3358,MS1 annotation,5,[2M+Na]+ [M+H]+ dm/z=349.19811
3340,3361,MS1 annotation,5,[M+Na]+ [2M+H]+ dm/z=240.14959
3353,3361,MS1 annotation,5,[M+Na]+ [M+H]+ dm/z=21.98186
3361,3459,MS1 annotation,5,[M+H-H2O]+ [M+Na]+ dm/z=39.9923
3361,3376,MS1 annotation,5,[M+H-H2O]+ [M+Na]+ dm/z=39.99208
3363,3370,MS1 annotation,2,[M+H]+ [M+NH4]+ dm/z=17.02658
3371,3399,MS1 annotation,5,[M+K]+ [2M+Na]+ dm/z=228.20512
3371,3554,MS1 annotation,5,[M+H]+ [2M+Na]+ dm/z=266.16074
3378,3379,MS1 annotation,3,[M+H]+ [M+Na]+ dm/z=21.98263
3378,3383,MS1 annotation,3,[M+2H]+2 [M+Na]+ dm/z=298.14606
3378,3383,MS1 annotation,2,[M+H]+ [2M+Na]+ dm/z=298.14606
3381,3385,MS1 annotation,5,[2M+H]+ [M+Na]+ dm/z=222.19646
3381,3399,MS1 annotation,5,[M+K]+ [M+Na]+ dm/z=15.97334
3385,3399,MS1 annotation,5,[M+K]+ [2M+H]+ dm/z=206.22312
3399,3554,MS1 annotation,5,[M+H]+ [M+K]+ dm/z=37.95563
3405,3420,MS1 annotation,2,[2M+Na]+ [M+H]+ dm/z=278.11858
3406,3420,MS1 annotation,2,[M+Na]+ [M+H]+ dm/z=21.98119
3434,3478,MS1 annotation,4,[M+K]+ [M+Na]+ dm/z=15.97421
3434,3475,MS1 annotation,4,[2M+2H]+2 [M+Na]+ dm/z=21.98207
3434,3456,MS1 annotation,4,[2M+H]+ [M+Na]+ dm/z=305.23394
3443,3450,MS1 annotation,2,[M+H]+ [M+Na]+ dm/z=21.98257
3456,3478,MS1 annotation,4,[M+K]+ [2M+H]+ dm/z=289.25972
3475,3478,MS1 annotation,4,[M+K]+ [M+H]+ dm/z=37.95628
3475,3478,MS1 annotation,4,[M+K]+ [2M+2H]+2 dm/z=37.95628
3488,3494,MS1 annotation,2,[M+H]+ [M+Na]+ dm/z=21.98242
3491,3495,MS1 annotation,2,[M+Na]+ [M+H]+ dm/z=21.98216
3504,3512,MS1 annotation,3,[M+Na]+ [2M+H]+ dm/z=220.14533
3512,3513,MS1 annotation,3,[M+H]+ [M+Na]+ dm/z=21.98176
3564,3581,MS1 annotation,2,[M+Na]+ [2M+H]+ dm/z=337.20464
3567,3575,MS1 annotation,2,[M+Na]+ [M+H]+ dm/z=21.98168
3572,3574,MS1 annotation,2,[M+Na]+ [M+H]+ dm/z=21.98215
3611,3618,MS1 annotation,2,[M+Na]+ [M+H]+ dm/z=21.98195
3612,3613,MS1 annotation,2,[M+Na]+ [M+H]+ dm/z=21.9818
3627,3633,MS1 annotation,2,[2M+2H]+2 [M+NH4]+ dm/z=17.02661
3629,3632,MS1 annotation,2,[M+Na]+ [M+H]+ dm/z=21.98206
3657,3675,MS1 annotation,3,[M+K]+ [2M+Na]+ dm/z=315.23582
3657,3806,MS1 annotation,3,[M+H]+ [2M+Na]+ dm/z=353.19228
3675,3806,MS1 annotation,3,[M+H]+ [M+K]+ dm/z=37.95646
3689,3698,MS1 annotation,2,[M+H]+ [M+Na]+ dm/z=21.98188
3695,3696,MS1 annotation,2,[M+H]+ [M+Na]+ dm/z=21.98208
3699,3706,MS1 annotation,2,[M+Na]+ [M+H]+ dm/z=21.98197
3704,3709,MS1 annotation,2,[M+H]+ [M+Na]+ dm/z=21.98205
3739,3740,MS1 annotation,2,[M+Na]+ [M+H]+ dm/z=21.98192
3763,3772,MS1 annotation,3,[M+K]+ [M+Na]+ dm/z=15.97389
3763,3776,MS1 annotation,3,[M+H]+ [M+Na]+ dm/z=21.98219
3772,3776,MS1 annotation,3,[M+H]+ [M+K]+ dm/z=37.95608
3800,3933,MS1 annotation,3,[2M+H]+ [M+Na]+ dm/z=256.18039
3800,3930,MS1 annotation,3,[M+K]+ [M+Na]+ dm/z=15.97373
3808,3826,MS1 annotation,4,[M+Na]+ [2M+H]+ dm/z=321.26459
3813,3825,MS1 annotation,4,[M+H]+ [2M+Na]+ dm/z=365.22846
3821,3822,MS1 annotation,3,[M+Na]+ [M+H]+ dm/z=21.98186
3821,4032,MS1 annotation,3,[M+Na]+ [M+H]+ dm/z=21.98195
3825,3826,MS1 annotation,4,[M+Na]+ [M+H]+ dm/z=21.98181
3827,3843,MS1 annotation,2,[M+Na]+ [M+H]+ dm/z=21.98237
3836,3844,MS1 annotation,2,[M+Na]+ [M+H]+ dm/z=21.98184
3862,3865,MS1 annotation,2,[M+H]+ [M+Na]+ dm/z=21.98206
3882,3890,MS1 annotation,4,[2M+H]+ [M+Na]+ dm/z=208.18088
3882,3883,MS1 annotation,4,[M+H]+ [M+Na]+ dm/z=21.98189
3883,3902,MS1 annotation,4,[2M+Na]+ [M+H]+ dm/z=252.14492
3905,3939,MS1 annotation,2,[M+Na]+ [M+H]+ dm/z=21.98202
3938,4075,MS1 annotation,2,[M+Na]+ [M+H]+ dm/z=21.98229
3951,3955,MS1 annotation,2,[M+H]+ [M+Na]+ dm/z=21.98225
3982,3996,MS1 annotation,2,[M+Na]+ [M+H]+ dm/z=21.98212
4010,4015,MS1 annotation,4,[M+H]+ [M+Na]+ dm/z=21.98176
4010,4022,MS1 annotation,4,[2M+H]+ [M+Na]+ dm/z=319.24984
4011,4025,MS1 annotation,2,[M+H]+ [M+Na]+ dm/z=21.9821
4015,4037,MS1 annotation,4,[2M+Na]+ [M+H]+ dm/z=363.21405
4023,4028,MS1 annotation,2,[M+H]+ [M+Na]+ dm/z=21.98224
4042,4045,MS1 annotation,2,[M+Na]+ [M+H]+ dm/z=21.98182
4052,4060,MS1 annotation,2,[M+Na]+ [M+H]+ dm/z=21.98242
4086,4089,MS1 annotation,2,[M+Na]+ [M+H]+ dm/z=21.98127
4086,4089,MS1 annotation,2,[M+Na]+ [2M+2H]+2 dm/z=21.98127
4093,4102,MS1 annotation,2,[M+Na]+ [M+H]+ dm/z=21.98206
4101,4108,MS1 annotation,2,[M+Na]+ [M+H]+ dm/z=21.98188
4131,4246,MS1 annotation,4,[2M+Na]+ [M+H]+ dm/z=365.22917
4131,4261,MS1 annotation,4,[M+Na]+ [M+H]+ dm/z=21.98181
4136,4144,MS1 annotation,2,[M+2H]+2 [M+Na]+ dm/z=309.65329
4136,4144,MS1 annotation,2,[M+H]+ [2M+Na]+ dm/z=309.65329
4165,4175,MS1 annotation,2,[M+H]+ [M+Na]+ dm/z=21.98185
4179,4188,MS1 annotation,2,[M+Na]+ [M+H]+ dm/z=21.98219
4193,4194,MS1 annotation,2,[M+H]+ [M+Na]+ dm/z=21.98217
4243,4261,MS1 annotation,4,[M+Na]+ [2M+H]+ dm/z=321.26472
4279,4285,MS1 annotation,2,[M+H]+ [M+Na]+ dm/z=21.98169
4283,4288,MS1 annotation,2,[M+H]+ [M+Na]+ dm/z=21.98243
4305,4307,MS1 annotation,2,[M+H]+ [M+Na]+ dm/z=21.98199
4345,4349,MS1 annotation,2,[2M-H+2Na]+ [M+H]+ dm/z=399.17513
4355,4359,MS1 annotation,6,[M+H]+ [2M+Na]+ dm/z=460.26556
4355,4362,MS1 annotation,6,[M+K]+ [2M+Na]+ dm/z=422.31061
4357,4362,MS1 annotation,6,[M+K]+ [2M+H]+ dm/z=400.32905
4357,4376,MS1 annotation,6,[M+Na]+ [2M+H]+ dm/z=416.30239
4359,4362,MS1 annotation,6,[M+K]+ [M+H]+ dm/z=37.95495
4359,4376,MS1 annotation,6,[M+Na]+ [M+H]+ dm/z=21.98162
4362,4386,MS1 annotation,6,[M-H+2Na]+ [M+K]+ dm/z=6.00781
4362,4376,MS1 annotation,6,[M+Na]+ [M+K]+ dm/z=15.97334
4367,4368,MS1 annotation,2,[M+H]+ [M+Na]+ dm/z=21.98189
4378,4497,MS1 annotation,2,[M+Na]+ [M+H]+ dm/z=21.98185
4399,4407,MS1 annotation,2,[M+H]+ [M+Na]+ dm/z=21.98177
4421,4426,MS1 annotation,2,[M+Na]+ [M+H]+ dm/z=21.98198
4462,4466,MS1 annotation,2,[M+H]+ [M+Na]+ dm/z=21.9824
4469,4504,MS1 annotation,2,[M+Na]+ [M+H]+ dm/z=21.98232
4507,4513,MS1 annotation,2,[M+H]+ [M+Na]+ dm/z=21.98193
4516,4518,MS1 annotation,2,[M+H]+ [M+Na]+ dm/z=21.98234
4525,4527,MS1 annotation,2,[M+Na]+ [M+H]+ dm/z=21.98225
4525,4527,MS1 annotation,2,[M+Na]+ [2M+2H]+2 dm/z=21.98225
4545,4548,MS1 annotation,2,[M+H]+ [M+Na]+ dm/z=21.98186
4558,4572,MS1 annotation,5,[M+H]+ [2M+Na]+ dm/z=312.10848
4558,4571,MS1 annotation,5,[M+H-H2O]+ [2M+Na]+ dm/z=330.11908
4558,4569,MS1 annotation,5,[M+K]+ [2M+Na]+ dm/z=274.15203
4560,4572,MS1 annotation,5,[M+H]+ [M+Na]+ dm/z=21.98193
4560,4571,MS1 annotation,5,[M+H-H2O]+ [M+Na]+ dm/z=39.99253
4560,4569,MS1 annotation,5,[M+K]+ [M+Na]+ dm/z=15.97452
4565,4568,MS1 annotation,2,[2M+2H]+2 [M+Na]+ dm/z=21.98161
4569,4572,MS1 annotation,5,[M+H]+ [M+K]+ dm/z=37.95645
4569,4571,MS1 annotation,5,[M+H-H2O]+ [M+K]+ dm/z=55.96705
4593,4595,MS1 annotation,5,[M+Na]+ [M+H]+ dm/z=21.982
4595,4612,MS1 annotation,5,[2M+H]+ [M+Na]+ dm/z=222.1971
4601,4602,MS1 annotation,2,[M+Na]+ [M+H]+ dm/z=21.98232
4612,4724,MS1 annotation,5,[M+Na]+ [2M+H]+ dm/z=222.19701
4654,4656,MS1 annotation,2,[M+Na]+ [M+H]+ dm/z=21.98178
4665,4833,MS1 annotation,3,[M+Na]+ [M+H]+ dm/z=21.98216
4688,4690,MS1 annotation,2,[M+H]+ [M+Na]+ dm/z=21.98228
4695,4697,MS1 annotation,2,[M+H]+ [M+Na]+ dm/z=21.98243
4701,4717,MS1 annotation,2,[M+H]+ [M+Na]+ dm/z=21.98172
4721,4723,MS1 annotation,2,[M+Na]+ [M+H]+ dm/z=21.98204
4724,4727,MS1 annotation,5,[M+H]+ [M+Na]+ dm/z=21.98197
4755,4760,MS1 annotation,2,[M+H]+ [M+Na]+ dm/z=21.98194
4765,4767,MS1 annotation,2,[M+H]+ [M+Na]+ dm/z=21.9819
4773,4775,MS1 annotation,2,[M+H]+ [M+Na]+ dm/z=21.98235
4780,4790,MS1 annotation,2,[M+Na]+ [M+H]+ dm/z=21.98233
4800,4809,MS1 annotation,2,[M+H]+ [M+Na]+ dm/z=21.98181
4805,4812,MS1 annotation,2,[M+Na]+ [M+H]+ dm/z=21.98225
4829,4890,MS1 annotation,2,[M+Na]+ [M+H]+ dm/z=21.982
4833,4834,MS1 annotation,3,[M+H]+ [M+Na]+ dm/z=21.98211
4837,4839,MS1 annotation,2,[2M+Na]+ [M+H]+ dm/z=317.66943
4838,4839,MS1 annotation,2,[M+Na]+ [M+H]+ dm/z=21.98198
4857,4858,MS1 annotation,2,[M+Na]+ [M+H]+ dm/z=21.98234
4882,4923,MS1 annotation,2,[M+Na]+ [M+H]+ dm/z=21.98194
4882,4923,MS1 annotation,2,[M+Na]+ [2M+2H]+2 dm/z=21.98194
4893,4902,MS1 annotation,2,[M+H]+ [M+Na]+ dm/z=21.98213
4940,4965,MS1 annotation,2,[M+Na]+ [M+H]+ dm/z=21.98196
4945,4952,MS1 annotation,2,[M+H]+ [M+Na]+ dm/z=21.98192
5005,5007,MS1 annotation,2,[M+H]+ [M+Na]+ dm/z=21.9819
5014,5015,MS1 annotation,2,[2M+Na]+ [M+H]+ dm/z=400.6818
5015,5018,MS1 annotation,2,[M+H]+ [M+Na]+ dm/z=21.98219
5026,5043,MS1 annotation,3,[M+K]+ [M+Na]+ dm/z=15.97379
5026,5108,MS1 annotation,2,[M+Na]+ [M+H]+ dm/z=21.98202
5032,5034,MS1 annotation,2,[M+Na]+ [M+H]+ dm/z=21.98191
5032,5034,MS1 annotation,2,[M+Na]+ [2M+2H]+2 dm/z=21.98191
5043,5108,MS1 annotation,3,[M-H+2Na]+ [M+K]+ dm/z=6.00823
5050,5076,MS1 annotation,2,[M+Na]+ [M+H]+ dm/z=21.98227
5063,5083,MS1 annotation,2,[M+H]+ [M+Na]+ dm/z=21.98265
5064,5077,MS1 annotation,2,[M+Na]+ [M+H]+ dm/z=21.98185
5075,5078,MS1 annotation,2,[M+Na]+ [M+H]+ dm/z=21.98219
5075,5078,MS1 annotation,2,[M+Na]+ [2M+2H]+2 dm/z=21.98219
5086,5089,MS1 annotation,2,[M+Na]+ [M+H]+ dm/z=21.98297
5112,5122,MS1 annotation,2,[M+Na]+ [M+H]+ dm/z=21.98194
5116,5168,MS1 annotation,2,[M+H]+ [M+Na]+ dm/z=21.98169
5126,5128,MS1 annotation,2,[M+Na]+ [M+H]+ dm/z=21.98177
5134,5135,MS1 annotation,2,[M+Na]+ [M+H]+ dm/z=21.98177
5142,5144,MS1 annotation,2,[M+H]+ [M+Na]+ dm/z=21.98135
5159,5160,MS1 annotation,2,[M+Na]+ [M+H]+ dm/z=21.98164
5159,5160,MS1 annotation,2,[M+Na]+ [2M+2H]+2 dm/z=21.98164
5165,5235,MS1 annotation,2,[M+H]+ [M+Na]+ dm/z=21.98205
5183,5186,MS1 annotation,2,[M+H]+ [M+Na]+ dm/z=21.982
5198,5239,MS1 annotation,2,[M+Na]+ [M+H]+ dm/z=21.98197
5211,5225,MS1 annotation,2,[M+H]+ [M+Na]+ dm/z=21.98214
5248,5257,MS1 annotation,2,[M+Na]+ [M+H]+ dm/z=21.98235
5252,5261,MS1 annotation,3,[M+H]+ [2M+Na]+ dm/z=413.22899
5252,5255,MS1 annotation,3,[M+K]+ [2M+Na]+ dm/z=375.27479
5260,5262,MS1 annotation,2,[M+H]+ [M+Na]+ dm/z=21.98188
5265,5270,MS1 annotation,2,[M+H]+ [M+Na]+ dm/z=21.98254
5290,5291,MS1 annotation,2,[M+H]+ [M+Na]+ dm/z=21.98237
5308,5310,MS1 annotation,2,[M+H]+ [M+NH4]+ dm/z=17.02587
5351,5354,MS1 annotation,2,[M+H]+ [M+Na]+ dm/z=21.98225
5376,5382,MS1 annotation,3,[M+NH4]+ [M+Na]+ dm/z=4.95522
5376,5381,MS1 annotation,3,[M+H]+ [M+Na]+ dm/z=21.98184
5377,5387,MS1 annotation,3,[M+Na]+ [M+H]+ dm/z=21.98186
5377,5378,MS1 annotation,3,[2M+Na]+ [M+H]+ dm/z=232.06096
5381,5382,MS1 annotation,3,[M+NH4]+ [M+H]+ dm/z=17.02662
5392,5397,MS1 annotation,2,[M+Na]+ [M+H]+ dm/z=21.98137
5410,5411,MS1 annotation,2,[M+H]+ [M+Na]+ dm/z=21.98188
5415,5423,MS1 annotation,2,[M+H]+ [M+Na]+ dm/z=21.98209
5426,5433,MS1 annotation,2,[M+H]+ [M+Na]+ dm/z=21.98219
5430,5432,MS1 annotation,2,[M+H]+ [M+Na]+ dm/z=21.98198
5436,5437,MS1 annotation,2,[M+H]+ [M+Na]+ dm/z=21.98186
5455,5456,MS1 annotation,2,[M+NH4]+ [M+H]+ dm/z=17.02659
5456,5457,MS1 annotation,3,[M+Na]+ [M+H]+ dm/z=21.98183
5456,5458,MS1 annotation,3,[2M+Na]+ [M+H]+ dm/z=245.05668
5468,5473,MS1 annotation,2,[M+H]+ [M+Na]+ dm/z=21.98217
5517,5519,MS1 annotation,2,[M+H]+ [M+Na]+ dm/z=21.98215
5523,5525,MS1 annotation,2,[M+H]+ [M+Na]+ dm/z=21.98208
5529,5533,MS1 annotation,2,[M+H]+ [M+Na]+ dm/z=21.98222
5581,5584,MS1 annotation,2,[M+H]+ [M+Na]+ dm/z=21.98192
5582,5588,MS1 annotation,2,[M+H]+ [M+Na]+ dm/z=21.98203
5595,5596,MS1 annotation,2,[M+H]+ [M+Na]+ dm/z=21.98228
5630,5640,MS1 annotation,2,[M+H]+ [M-H+2Na]+ dm/z=43.96349
5642,5644,MS1 annotation,3,[M+Na]+ [2M+H]+ dm/z=209.14407
5643,5644,MS1 annotation,3,[M+Na]+ [M+H]+ dm/z=21.98204
5662,5671,MS1 annotation,5,[M+K]+ [M-H+2Na]+ dm/z=6.008
5662,5677,MS1 annotation,5,[M+H-H2O]+ [M-H+2Na]+ dm/z=61.97434
5662,5674,MS1 annotation,5,[M+H]+ [M-H+2Na]+ dm/z=43.96369
5671,5677,MS1 annotation,5,[M+H-H2O]+ [M+K]+ dm/z=55.96634
5671,5675,MS1 annotation,5,[M+Na]+ [M+K]+ dm/z=15.97392
5671,5674,MS1 annotation,5,[M+H]+ [M+K]+ dm/z=37.9557
5674,5675,MS1 annotation,5,[M+Na]+ [M+H]+ dm/z=21.98178
5675,5677,MS1 annotation,5,[M+H-H2O]+ [M+Na]+ dm/z=39.99242
5743,5745,MS1 annotation,2,[M+Na]+ [M+H]+ dm/z=21.98193
5748,5756,MS1 annotation,3,[M+Na]+ [M+H]+ dm/z=21.98195
5755,5756,MS1 annotation,3,[M+Na]+ [M+H-H2O]+ dm/z=39.99268
5803,5805,MS1 annotation,2,[2M+2H]+2 [M+Na]+ dm/z=21.98198
5827,5839,MS1 annotation,4,[M+Na]+ [M+H]+ dm/z=21.98171
5827,5859,MS1 annotation,4,[M-H+2Na]+ [M+H]+ dm/z=43.96435
5827,5848,MS1 annotation,4,[2M-H+2Na]+ [M+H]+ dm/z=368.0241
5853,5858,MS1 annotation,2,[M+Na]+ [M+H]+ dm/z=21.98242
5902,5903,MS1 annotation,2,[2M+2H]+2 [M+NH4]+ dm/z=17.02612
5905,5907,MS1 annotation,3,[2M+2H]+2 [M+NH4]+ dm/z=17.02658
5905,5906,MS1 annotation,3,[M+Na]+ [M+NH4]+ dm/z=4.9554
5906,5907,MS1 annotation,3,[2M+2H]+2 [M+Na]+ dm/z=21.98199
5920,5926,MS1 annotation,3,[M+Na]+ [M+H]+ dm/z=21.98159
5926,5927,MS1 annotation,3,[2M+H]+ [M+Na]+ dm/z=235.15997
5940,5941,MS1 annotation,2,[M+Na]+ [M+H]+ dm/z=21.98166
5959,5962,MS1 annotation,3,[M+Na]+ [M+H]+ dm/z=21.98133
5961,5962,MS1 annotation,3,[M+Na]+ [2M+H]+ dm/z=221.18118
5969,5973,MS1 annotation,2,[2M+2H]+2 [M+Na]+ dm/z=21.98197
5974,5996,MS1 annotation,2,[M-H+2Na]+ [M+H]+ dm/z=43.96449
6003,6004,MS1 annotation,2,[M+Na]+ [M+H]+ dm/z=21.98195
6003,6004,MS1 annotation,2,[M+Na]+ [2M+2H]+2 dm/z=21.98195
6024,6026,MS1 annotation,2,[2M+2H]+2 [M+NH4]+ dm/z=17.02635
6036,6043,MS1 annotation,3,[M+Na]+ [2M+H]+ dm/z=237.17572
6038,6043,MS1 annotation,3,[M+Na]+ [M+H]+ dm/z=21.98196
6060,6061,MS1 annotation,3,[M+H]+ [M+Na]+ dm/z=21.98185
6060,6062,MS1 annotation,3,[M+NH4]+ [M+Na]+ dm/z=4.95537
6061,6062,MS1 annotation,3,[M+NH4]+ [M+H]+ dm/z=17.02648
6078,6080,MS1 annotation,4,[M+NH4]+ [M+K]+ dm/z=20.92919
6078,6083,MS1 annotation,4,[M+Na]+ [M+K]+ dm/z=15.97389
6078,6084,MS1 annotation,4,[M+H]+ [M+K]+ dm/z=37.95582
6080,6083,MS1 annotation,4,[M+Na]+ [M+NH4]+ dm/z=4.9553
6080,6084,MS1 annotation,4,[M+H]+ [M+NH4]+ dm/z=17.02662
6083,6084,MS1 annotation,4,[M+H]+ [M+Na]+ dm/z=21.98193
6093,6096,MS1 annotation,3,[M+H]+ [M+Na]+ dm/z=21.98177
6093,6094,MS1 annotation,3,[2M+H]+ [M+Na]+ dm/z=249.17587
6101,6102,MS1 annotation,2,[M+Na]+ [M+H]+ dm/z=21.98209
6125,6126,MS1 annotation,2,[M+Na]+ [M+H]+ dm/z=21.98201
6138,6143,MS1 annotation,2,[M+H]+ [M+Na]+ dm/z=21.98192
6150,6153,MS1 annotation,4,[M+Na]+ [M+K]+ dm/z=15.97368
6150,6152,MS1 annotation,4,[M+NH4]+ [M+K]+ dm/z=20.92897
6151,6152,MS1 annotation,4,[M+NH4]+ [M+H]+ dm/z=17.0269
6152,6153,MS1 annotation,4,[M+Na]+ [M+NH4]+ dm/z=4.95529
6155,6156,MS1 annotation,3,[M+Na]+ [M+H-H2O]+ dm/z=39.99205
6156,6157,MS1 annotation,3,[M+H]+ [M+Na]+ dm/z=21.98157
6176,6181,MS1 annotation,2,[M+Na]+ [M+NH4]+ dm/z=4.95544
6193,6201,MS1 annotation,3,[M+Na]+ [2M+H]+ dm/z=251.1913
6201,6208,MS1 annotation,3,[M+H]+ [M+Na]+ dm/z=21.98202
6215,6229,MS1 annotation,2,[M+H]+ [M+Na]+ dm/z=21.982
6223,6322,MS1 annotation,4,[M+H]+ [M+NH4]+ dm/z=17.02655
6223,6245,MS1 annotation,4,[M+Na]+ [M+NH4]+ dm/z=4.95532
6223,6249,MS1 annotation,4,[M+K]+ [M+NH4]+ dm/z=20.92956
6245,6322,MS1 annotation,4,[M+H]+ [M+Na]+ dm/z=21.98187
6245,6249,MS1 annotation,4,[M+K]+ [M+Na]+ dm/z=15.97424
6249,6322,MS1 annotation,4,[M+H]+ [M+K]+ dm/z=37.95612
6271,6272,MS1 annotation,4,[M+H]+ [M+Na]+ dm/z=21.98181
6271,6273,MS1 annotation,4,[M+NH4]+ [M+Na]+ dm/z=4.95563
6271,6274,MS1 annotation,4,[M+K]+ [M+Na]+ dm/z=15.97395
6272,6273,MS1 annotation,4,[M+NH4]+ [M+H]+ dm/z=17.02618
6272,6274,MS1 annotation,4,[M+K]+ [M+H]+ dm/z=37.95576
6273,6274,MS1 annotation,4,[M+K]+ [M+NH4]+ dm/z=20.92958
6284,6294,MS1 annotation,2,[M+Na]+ [M+H]+ dm/z=21.98183
6314,6315,MS1 annotation,2,[M+Na]+ [M+H]+ dm/z=21.98193
6330,6345,MS1 annotation,2,[2M+H]+ [M+Na]+ dm/z=247.19686
6349,6350,MS1 annotation,2,[M+Na]+ [M+NH4]+ dm/z=4.95496
6370,6375,MS1 annotation,3,[M+Na]+ [M+H]+ dm/z=21.9822
6374,6375,MS1 annotation,3,[M+Na]+ [2M+H]+ dm/z=249.21193
6383,6386,MS1 annotation,3,[M+Na]+ [M+K]+ dm/z=15.97409
6383,6385,MS1 annotation,3,[2M+2H]+2 [M+K]+ dm/z=37.95623
6385,6386,MS1 annotation,3,[M+Na]+ [M+H]+ dm/z=21.98214
6385,6386,MS1 annotation,3,[M+Na]+ [2M+2H]+2 dm/z=21.98214
6397,6399,MS1 annotation,4,[M+H]+ [M+K]+ dm/z=37.95601
6397,6398,MS1 annotation,4,[M+Na]+ [M+K]+ dm/z=15.97415
6397,6400,MS1 annotation,4,[M+NH4]+ [M+K]+ dm/z=20.92986
6398,6399,MS1 annotation,4,[M+H]+ [M+Na]+ dm/z=21.98186
6399,6400,MS1 annotation,4,[M+NH4]+ [M+H]+ dm/z=17.02615
6416,6426,MS1 annotation,2,[M+H]+ [M+Na]+ dm/z=21.98183
6433,6436,MS1 annotation,3,[M+Na]+ [M+H]+ dm/z=21.98175
6433,6439,MS1 annotation,3,[M+NH4]+ [M+H]+ dm/z=17.0265
6433,6436,MS1 annotation,3,[M+Na]+ [2M+2H]+2 dm/z=21.98175
6433,6439,MS1 annotation,3,[M+NH4]+ [2M+2H]+2 dm/z=17.0265
6445,6446,MS1 annotation,4,[M+K]+ [M+H]+ dm/z=37.95605
6445,6447,MS1 annotation,4,[M+NH4]+ [M+H]+ dm/z=17.0268
6445,6454,MS1 annotation,4,[M+Na]+ [M+H]+ dm/z=21.98207
6445,6446,MS1 annotation,4,[M+K]+ [2M+2H]+2 dm/z=37.95605
6445,6447,MS1 annotation,4,[M+NH4]+ [2M+2H]+2 dm/z=17.0268
6445,6454,MS1 annotation,4,[M+Na]+ [2M+2H]+2 dm/z=21.98207
6446,6447,MS1 annotation,4,[M+NH4]+ [M+K]+ dm/z=20.92925
6446,6454,MS1 annotation,4,[M+Na]+ [M+K]+ dm/z=15.97398
6447,6454,MS1 annotation,4,[M+Na]+ [M+NH4]+ dm/z=4.95528
6451,6452,MS1 annotation,2,[M+Na]+ [M+H]+ dm/z=21.98184
6469,6471,MS1 annotation,2,[2M+2H]+2 [M+Na]+ dm/z=21.98192
6483,6492,MS1 annotation,3,[M+K]+ [M+H]+ dm/z=37.95592
6483,6491,MS1 annotation,3,[M+Na]+ [M+H]+ dm/z=21.98197
6488,6489,MS1 annotation,3,[2M+H]+ [M+Na]+ dm/z=275.2269
6488,6493,MS1 annotation,3,[M+H]+ [M+Na]+ dm/z=21.98217
6491,6492,MS1 annotation,3,[M+K]+ [M+Na]+ dm/z=15.97395
6502,6505,MS1 annotation,4,[M+K]+ [M+H]+ dm/z=37.95594
6502,6508,MS1 annotation,4,[M+Na]+ [M+H]+ dm/z=21.98193
6502,6505,MS1 annotation,4,[M+K]+ [2M+2H]+2 dm/z=37.95594
6502,6508,MS1 annotation,4,[M+Na]+ [2M+2H]+2 dm/z=21.98193
6504,6505,MS1 annotation,4,[M+K]+ [M+NH4]+ dm/z=20.92932
6504,6508,MS1 annotation,4,[M+Na]+ [M+NH4]+ dm/z=4.95531
6505,6508,MS1 annotation,4,[M+Na]+ [M+K]+ dm/z=15.97401
6536,6539,MS1 annotation,4,[2M+H]+ [M+K]+ dm/z=275.24831
6536,6538,MS1 annotation,4,[M+H]+ [M+K]+ dm/z=37.95576
6536,6542,MS1 annotation,4,[M+Na]+ [M+K]+ dm/z=15.97394
6538,6542,MS1 annotation,4,[M+Na]+ [M+H]+ dm/z=21.98181
6539,6542,MS1 annotation,4,[M+Na]+ [2M+H]+ dm/z=291.22225
6553,6556,MS1 annotation,3,[M+Na]+ [M+H]+ dm/z=21.98225
6553,6557,MS1 annotation,3,[M+NH4]+ [M+H]+ dm/z=17.02688
6553,6556,MS1 annotation,3,[M+Na]+ [2M+2H]+2 dm/z=21.98225
6553,6557,MS1 annotation,3,[M+NH4]+ [2M+2H]+2 dm/z=17.02688
6561,6564,MS1 annotation,3,[M+Na]+ [M+H]+ dm/z=21.98181
6561,6563,MS1 annotation,3,[M+NH4]+ [M+H]+ dm/z=17.02643
6563,6564,MS1 annotation,3,[M+Na]+ [M+NH4]+ dm/z=4.95537
6590,6591,MS1 annotation,2,[M+NH4]+ [M+Na]+ dm/z=4.9554
6604,6609,MS1 annotation,4,[M+K]+ [M+NH4]+ dm/z=20.92949
6604,6606,MS1 annotation,4,[M+H]+ [M+NH4]+ dm/z=17.02639
6604,6607,MS1 annotation,4,[M+Na]+ [M+NH4]+ dm/z=4.95538
6606,6609,MS1 annotation,4,[M+K]+ [M+H]+ dm/z=37.95587
6606,6607,MS1 annotation,4,[M+Na]+ [M+H]+ dm/z=21.98177
6607,6609,MS1 annotation,4,[M+K]+ [M+Na]+ dm/z=15.9741
6615,6616,MS1 annotation,3,[M+Na]+ [2M+H]+ dm/z=277.24248
6616,6619,MS1 annotation,3,[M+H]+ [M+Na]+ dm/z=21.98255
6633,6636,MS1 annotation,2,[M+H]+ [M+Na]+ dm/z=21.98213
6634,6638,MS1 annotation,3,[M+NH4]+ [M+H-H2O]+ dm/z=35.03826
6638,6645,MS1 annotation,3,[M+H]+ [M+NH4]+ dm/z=17.02649
6640,6646,MS1 annotation,4,[M+H]+ [M+NH4]+ dm/z=17.02618
6640,6647,MS1 annotation,4,[M+Na]+ [M+NH4]+ dm/z=4.9553
6640,6653,MS1 annotation,4,[2M+Na]+ [M+NH4]+ dm/z=481.25501
6646,6647,MS1 annotation,4,[M+Na]+ [M+H]+ dm/z=21.98148
6646,6653,MS1 annotation,4,[2M+Na]+ [M+H]+ dm/z=498.28119
6658,6659,MS1 annotation,2,[M+Na]+ [M+NH4]+ dm/z=4.95612
6660,6664,MS1 annotation,3,[M+Na]+ [2M+H]+ dm/z=293.23811
6664,6665,MS1 annotation,3,[M+H]+ [M+Na]+ dm/z=21.98182
6680,6682,MS1 annotation,3,[2M+H]+ [M+Na]+ dm/z=303.25884
6680,6689,MS1 annotation,3,[M+H]+ [M+Na]+ dm/z=21.98189
6712,6737,MS1 annotation,4,[M+H]+ [M+NH4]+ dm/z=17.02637
6712,6756,MS1 annotation,4,[M+Na]+ [M+NH4]+ dm/z=4.95502
6712,6735,MS1 annotation,4,[2M+Na]+ [M+NH4]+ dm/z=655.34425
6727,6747,MS1 annotation,2,[M+NH4]+ [M+H]+ dm/z=17.02674
6730,6749,MS1 annotation,3,[M+NH4]+ [M+H-H2O]+ dm/z=35.03687
6735,6737,MS1 annotation,4,[M+H]+ [2M+Na]+ dm/z=672.37062
6737,6756,MS1 annotation,4,[M+Na]+ [M+H]+ dm/z=21.98139
6748,6749,MS1 annotation,3,[M+NH4]+ [M+H]+ dm/z=17.02628
6772,6773,MS1 annotation,2,[M+NH4]+ [M+Na]+ dm/z=4.95515
6786,6787,MS1 annotation,2,[M+NH4]+ [M+Na]+ dm/z=4.95568
6800,6803,MS1 annotation,3,[M+H]+ [M+Na]+ dm/z=21.98219
6800,6801,MS1 annotation,3,[2M+H]+ [M+Na]+ dm/z=305.27555
6810,6816,MS1 annotation,2,[M+Na]+ [M+NH4]+ dm/z=4.95621
6825,6838,MS1 annotation,3,[M+NH4]+ [M+H]+ dm/z=17.02638
6826,6827,MS1 annotation,6,[M+NH4]+ [M+Na]+ dm/z=4.95495
6826,6830,MS1 annotation,6,[M+H]+ [M+Na]+ dm/z=21.98188
6826,6840,MS1 annotation,6,[2M+NH4]+ [M+Na]+ dm/z=499.37296
6827,6830,MS1 annotation,6,[M+H]+ [M+NH4]+ dm/z=17.02693
6827,6839,MS1 annotation,6,[2M+Na]+ [M+NH4]+ dm/z=509.28367
6828,6830,MS1 annotation,6,[M+H]+ [2M-H+2Na]+ dm/z=548.29254
6830,6840,MS1 annotation,6,[2M+NH4]+ [M+H]+ dm/z=521.35484
6830,6839,MS1 annotation,6,[2M+Na]+ [M+H]+ dm/z=526.3106
6836,6838,MS1 annotation,3,[M+NH4]+ [M+H-H2O]+ dm/z=35.03712
6852,6853,MS1 annotation,2,[M+NH4]+ [M+Na]+ dm/z=4.95398
6859,6861,MS1 annotation,3,[M+Na]+ [M+NH4]+ dm/z=4.955
6859,6860,MS1 annotation,3,[M+H]+ [M+NH4]+ dm/z=17.02691
6860,6861,MS1 annotation,3,[M+Na]+ [M+H]+ dm/z=21.9819
6866,6868,MS1 annotation,2,[M+NH4]+ [M+Na]+ dm/z=4.95574
6872,6883,MS1 annotation,3,[M+Na]+ [2M+H]+ dm/z=331.29113
6875,6883,MS1 annotation,3,[M+Na]+ [M+H]+ dm/z=21.98212
6898,6952,MS1 annotation,5,[M+Na]+ [M+NH4]+ dm/z=4.95502
6898,6955,MS1 annotation,5,[2M+Na]+ [M+NH4]+ dm/z=683.37521
6898,6961,MS1 annotation,5,[M+H]+ [M+NH4]+ dm/z=17.02623
6903,6919,MS1 annotation,4,[M+H]+ [M+NH4]+ dm/z=17.02682
6903,6904,MS1 annotation,4,[M-H+2Na]+ [M+NH4]+ dm/z=26.93695
6907,6919,MS1 annotation,4,[M+H]+ [M+Na]+ dm/z=21.98196
6909,6994,MS1 annotation,5,[M+H]+ [M+K]+ dm/z=37.95522
6909,6986,MS1 annotation,5,[M+Na]+ [M+K]+ dm/z=15.97305
6909,6977,MS1 annotation,5,[M+NH4]+ [M+K]+ dm/z=20.92821
6909,6983,MS1 annotation,5,[2M+Na]+ [M+K]+ dm/z=502.37239
6923,6928,MS1 annotation,3,[M+Na]+ [M+H]+ dm/z=21.9823
6923,6924,MS1 annotation,3,[M+NH4]+ [M+H]+ dm/z=17.02631
6924,6928,MS1 annotation,3,[M+Na]+ [M+NH4]+ dm/z=4.95599
6929,6931,MS1 annotation,2,[M+H]+ [M+NH4]+ dm/z=17.02663
6930,6934,MS1 annotation,2,[M+Na]+ [M+NH4]+ dm/z=4.9554
6942,6948,MS1 annotation,3,[M+NH4]+ [M+H-H2O]+ dm/z=35.03766
6948,6960,MS1 annotation,3,[M+H]+ [M+NH4]+ dm/z=17.02704
6952,6961,MS1 annotation,5,[M+H]+ [M+Na]+ dm/z=21.98125
6952,6967,MS1 annotation,5,[2M+NH4]+ [M+Na]+ dm/z=673.46528
6955,6961,MS1 annotation,5,[M+H]+ [2M+Na]+ dm/z=700.40145
6959,6964,MS1 annotation,2,[M+NH4]+ [M+H]+ dm/z=17.02668
6961,6967,MS1 annotation,5,[2M+NH4]+ [M+H]+ dm/z=695.44653
6974,6997,MS1 annotation,3,[M+Na]+ [M+NH4]+ dm/z=4.95571
6975,6976,MS1 annotation,2,[M+NH4]+ [M+Na]+ dm/z=4.95556
6977,6994,MS1 annotation,5,[M+H]+ [M+NH4]+ dm/z=17.02701
6977,6986,MS1 annotation,5,[M+Na]+ [M+NH4]+ dm/z=4.95516
6977,6983,MS1 annotation,5,[2M+Na]+ [M+NH4]+ dm/z=523.3006
6983,6994,MS1 annotation,5,[M+H]+ [2M+Na]+ dm/z=540.32761
6986,6994,MS1 annotation,5,[M+H]+ [M+Na]+ dm/z=21.98217
6996,6997,MS1 annotation,3,[M+Na]+ [M+H]+ dm/z=21.9818
6996,6997,MS1 annotation,3,[M+Na]+ [2M+2H]+2 dm/z=21.9818
7004,7033,MS1 annotation,8,[M-H+2Na]+ [M+NH4]+ dm/z=26.93753
7004,7023,MS1 annotation,8,[M+H]+ [M+NH4]+ dm/z=17.02663
7004,7015,MS1 annotation,8,[2M-H+2Na]+ [M+NH4]+ dm/z=557.2843
7004,7018,MS1 annotation,8,[M+Na]+ [M+NH4]+ dm/z=4.95518
7004,7021,MS1 annotation,8,[2M+Na]+ [M+NH4]+ dm/z=535.30087
7015,7023,MS1 annotation,8,[M+H]+ [2M-H+2Na]+ dm/z=574.31093
7016,7021,MS1 annotation,8,[2M+Na]+ [M+K]+ dm/z=514.37408
7016,7024,MS1 annotation,8,[2M+NH4]+ [M+K]+ dm/z=509.41805
7018,7023,MS1 annotation,8,[M+H]+ [M+Na]+ dm/z=21.98181
7018,7024,MS1 annotation,8,[2M+NH4]+ [M+Na]+ dm/z=525.38966
7021,7023,MS1 annotation,8,[M+H]+ [2M+Na]+ dm/z=552.3275
7023,7033,MS1 annotation,8,[M-H+2Na]+ [M+H]+ dm/z=43.96416
7023,7024,MS1 annotation,8,[2M+NH4]+ [M+H]+ dm/z=547.37147
7051,7052,MS1 annotation,2,[2M+2H]+2 [M+Na]+ dm/z=21.98245
7057,7060,MS1 annotation,2,[M+NH4]+ [M+Na]+ dm/z=4.95571
7080,7124,MS1 annotation,7,[2M-H+2Na]+ [M+NH4]+ dm/z=559.29652
7080,7123,MS1 annotation,7,[M+Na]+ [M+NH4]+ dm/z=4.95517
7080,7138,MS1 annotation,7,[2M+Na]+ [M+NH4]+ dm/z=537.31522
7080,7126,MS1 annotation,7,[2M+2H]+2 [M+NH4]+ dm/z=17.02696
7082,7084,MS1 annotation,2,[M+H]+ [M+Na]+ dm/z=21.98215
7088,7091,MS1 annotation,2,[M+NH4]+ [M+Na]+ dm/z=4.95524
7092,7097,MS1 annotation,2,[M+Na]+ [M+H]+ dm/z=21.98206
7094,7103,MS1 annotation,3,[M+Na]+ [M+NH4]+ dm/z=4.95538
7094,7118,MS1 annotation,3,[M-H+2Na]+ [M+NH4]+ dm/z=26.9373
7098,7099,MS1 annotation,2,[M+NH4]+ [M+Na]+ dm/z=4.95617
7123,7132,MS1 annotation,7,[2M+NH4]+ [M+Na]+ dm/z=527.4052
7123,7126,MS1 annotation,7,[2M+2H]+2 [M+Na]+ dm/z=21.98213
7124,7129,MS1 annotation,7,[M+K]+ [2M-H+2Na]+ dm/z=538.36851
7124,7126,MS1 annotation,7,[M+H]+ [2M-H+2Na]+ dm/z=576.32348
7126,7129,MS1 annotation,7,[M+K]+ [M+H]+ dm/z=37.95497
7126,7132,MS1 annotation,7,[2M+NH4]+ [M+H]+ dm/z=549.38732
7126,7138,MS1 annotation,7,[2M+Na]+ [M+H]+ dm/z=554.34218
7126,7129,MS1 annotation,7,[M+K]+ [2M+2H]+2 dm/z=37.95497
7129,7132,MS1 annotation,7,[2M+NH4]+ [M+K]+ dm/z=511.43235
7129,7138,MS1 annotation,7,[2M+Na]+ [M+K]+ dm/z=516.38721
7130,7136,MS1 annotation,3,[M+H]+ [M+NH4]+ dm/z=17.02655
7130,7133,MS1 annotation,3,[M+H-H2O]+ [M+NH4]+ dm/z=35.03742
7147,7148,MS1 annotation,3,[M+Na]+ [2M+H]+ dm/z=359.32108
7148,7150,MS1 annotation,3,[M+H]+ [M+Na]+ dm/z=21.9817
7191,7197,MS1 annotation,5,[M+NH4]+ [M-H+2Na]+ dm/z=26.93629
7191,7192,MS1 annotation,5,[2M+NH4]+ [M-H+2Na]+ dm/z=679.51246
7191,7196,MS1 annotation,5,[M+H]+ [M-H+2Na]+ dm/z=43.96355
7192,7198,MS1 annotation,5,[M+Na]+ [2M+NH4]+ dm/z=701.49416
7192,7196,MS1 annotation,5,[M+H]+ [2M+NH4]+ dm/z=723.47601
7194,7199,MS1 annotation,2,[M+H]+ [M+NH4]+ dm/z=17.02645
7196,7198,MS1 annotation,5,[M+Na]+ [M+H]+ dm/z=21.98186
7196,7197,MS1 annotation,5,[M+NH4]+ [M+H]+ dm/z=17.02726
7203,7209,MS1 annotation,2,[M+NH4]+ [M+Na]+ dm/z=4.95529
7251,7253,MS1 annotation,2,[M+NH4]+ [M+Na]+ dm/z=4.95557
7472,7476,MS1 annotation,3,[M+NH4]+ [M+Na]+ dm/z=4.9551
7472,7475,MS1 annotation,3,[M+H]+ [M+Na]+ dm/z=21.98196
7507,7515,MS1 annotation,2,[M+NH4]+ [M+H]+ dm/z=17.02657
7507,7515,MS1 annotation,2,[M+NH4]+ [2M+2H]+2 dm/z=17.02657
7580,7610,MS1 annotation,2,[M+NH4]+ [2M+H]+ dm/z=96.47379
7588,7630,MS1 annotation,2,[2M+H]+ [M+NH4]+ dm/z=149.92564
